cover,hide_mult,cover_impact,motion_mult,hide_advantage,hide_survival,flee_survival,adaptive_survival,adaptive_advantage,n
low,0.0,0.4,1.0,-73.75,1.5,75.25,16.0,-59.25,10
low,0.0,0.4,1.5,-44.25,1.5,45.75,25.0,-21.0,10
low,0.0,0.4,2.5,-30.5,1.5,32.0,29.25,-2.75,10
low,0.0,0.6,1.0,-66.75,2.0,68.75,18.25,-50.5,10
low,0.0,0.6,1.5,-40.5,2.0,42.5,25.25,-17.25,10
low,0.0,0.6,2.5,-41.5,2.0,43.5,28.5,-15.0,10
low,0.0,0.8,1.0,-72.25,2.0,74.25,21.5,-52.75,10
low,0.0,0.8,1.5,-50.25,2.0,52.25,18.25,-34.0,10
low,0.0,0.8,2.5,-41.5,2.0,43.5,23.75,-19.75,10
low,0.0,1.0,1.0,-81.0,2.25,83.25,18.75,-64.5,10
low,0.0,1.0,1.5,-51.75,2.25,54.0,21.0,-33.0,10
low,0.0,1.0,2.5,-27.25,2.25,29.5,26.0,-3.75,10
low,0.05,0.4,1.0,-74.0,1.25,75.25,18.0,-57.25,10
low,0.05,0.4,1.5,-44.5,1.25,45.75,21.0,-24.75,10
low,0.05,0.4,2.5,-30.75,1.25,32.0,23.25,-8.75,10
low,0.05,0.6,1.0,-67.0,1.75,68.75,19.0,-49.75,10
low,0.05,0.6,1.5,-40.75,1.75,42.5,24.0,-18.5,10
low,0.05,0.6,2.5,-41.75,1.75,43.5,21.75,-21.75,10
low,0.05,0.8,1.0,-72.25,2.0,74.25,20.0,-54.25,10
low,0.05,0.8,1.5,-50.25,2.0,52.25,27.0,-25.25,10
low,0.05,0.8,2.5,-41.5,2.0,43.5,29.0,-14.5,10
low,0.05,1.0,1.0,-80.75,2.5,83.25,27.5,-55.75,10
low,0.05,1.0,1.5,-51.5,2.5,54.0,21.5,-32.5,10
low,0.05,1.0,2.5,-27.0,2.5,29.5,28.5,-1.25,10
low,0.15,0.4,1.0,-74.75,0.5,75.25,17.5,-57.75,10
low,0.15,0.4,1.5,-45.25,0.5,45.75,19.75,-26.0,10
low,0.15,0.4,2.5,-31.5,0.5,32.0,23.25,-8.75,10
low,0.15,0.6,1.0,-67.5,1.25,68.75,19.5,-49.25,10
low,0.15,0.6,1.5,-41.25,1.25,42.5,19.5,-23.0,10
low,0.15,0.6,2.5,-42.25,1.25,43.5,22.0,-21.5,10
low,0.15,0.8,1.0,-73.0,1.25,74.25,24.25,-50.0,10
low,0.15,0.8,1.5,-51.0,1.25,52.25,22.75,-29.5,10
low,0.15,0.8,2.5,-42.25,1.25,43.5,24.0,-19.5,10
low,0.15,1.0,1.0,-81.25,2.0,83.25,30.25,-53.0,10
low,0.15,1.0,1.5,-52.0,2.0,54.0,21.0,-33.0,10
low,0.15,1.0,2.5,-27.5,2.0,29.5,32.25,2.25,10
low,0.3,0.4,1.0,-74.5,0.75,75.25,19.25,-56.0,10
low,0.3,0.4,1.5,-45.0,0.75,45.75,21.75,-24.0,10
low,0.3,0.4,2.5,-31.25,0.75,32.0,25.75,-6.25,10
low,0.3,0.6,1.0,-68.0,0.75,68.75,20.75,-48.0,10
low,0.3,0.6,1.5,-41.75,0.75,42.5,23.25,-19.25,10
low,0.3,0.6,2.5,-42.75,0.75,43.5,21.5,-22.0,10
low,0.3,0.8,1.0,-72.75,1.5,74.25,17.25,-57.0,10
low,0.3,0.8,1.5,-50.75,1.5,52.25,25.25,-27.25,10
low,0.3,0.8,2.5,-42.0,1.5,43.5,21.5,-22.0,10
low,0.3,1.0,1.0,-81.25,2.0,83.25,28.5,-54.75,10
low,0.3,1.0,1.5,-52.0,2.0,54.0,24.0,-30.0,10
low,0.3,1.0,2.5,-27.5,2.0,29.5,27.25,-2.25,10
low,0.5,0.4,1.0,-74.75,0.5,75.25,12.75,-62.5,10
low,0.5,0.4,1.5,-45.25,0.5,45.75,24.5,-21.25,10
low,0.5,0.4,2.5,-31.5,0.5,32.0,21.0,-11.0,10
low,0.5,0.6,1.0,-68.5,0.25,68.75,17.75,-51.0,10
low,0.5,0.6,1.5,-42.25,0.25,42.5,18.5,-24.0,10
low,0.5,0.6,2.5,-43.25,0.25,43.5,18.75,-24.75,10
low,0.5,0.8,1.0,-73.25,1.0,74.25,22.75,-51.5,10
low,0.5,0.8,1.5,-51.25,1.0,52.25,21.5,-30.75,10
low,0.5,0.8,2.5,-42.5,1.0,43.5,27.0,-16.5,10
low,0.5,1.0,1.0,-82.0,1.25,83.25,29.5,-53.75,10
low,0.5,1.0,1.5,-52.75,1.25,54.0,23.25,-30.75,10
low,0.5,1.0,2.5,-28.25,1.25,29.5,25.25,-4.5,10
low,0.75,0.4,1.0,-75.0,0.25,75.25,22.0,-53.25,10
low,0.75,0.4,1.5,-45.5,0.25,45.75,22.25,-23.5,10
low,0.75,0.4,2.5,-31.75,0.25,32.0,22.0,-10.0,10
low,0.75,0.6,1.0,-68.25,0.5,68.75,22.5,-46.25,10
low,0.75,0.6,1.5,-42.0,0.5,42.5,30.0,-12.5,10
low,0.75,0.6,2.5,-43.0,0.5,43.5,27.75,-15.75,10
low,0.75,0.8,1.0,-74.25,0.0,74.25,22.75,-51.5,10
low,0.75,0.8,1.5,-52.25,0.0,52.25,25.5,-26.75,10
low,0.75,0.8,2.5,-43.5,0.0,43.5,27.75,-15.75,10
low,0.75,1.0,1.0,-81.25,2.0,83.25,32.0,-51.25,10
low,0.75,1.0,1.5,-52.0,2.0,54.0,30.0,-24.0,10
low,0.75,1.0,2.5,-27.5,2.0,29.5,28.0,-1.75,10
medium,0.0,0.4,1.0,-66.5,6.25,72.75,16.5,-56.5,10
medium,0.0,0.4,1.5,-43.5,6.25,49.75,19.25,-30.5,10
medium,0.0,0.4,2.5,-22.75,6.25,29.0,19.0,-10.25,10
medium,0.0,0.6,1.0,-71.75,10.25,82.0,20.0,-62.0,10
medium,0.0,0.6,1.5,-57.25,10.25,67.5,16.5,-51.0,10
medium,0.0,0.6,2.5,-32.75,10.25,43.0,22.75,-20.5,10
medium,0.0,0.8,1.0,-64.25,17.25,81.5,18.5,-63.0,10
medium,0.0,0.8,1.5,-51.75,17.25,69.0,15.0,-54.0,10
medium,0.0,0.8,2.5,-24.25,17.25,41.5,18.75,-25.0,10
medium,0.0,1.0,1.0,-67.0,20.0,87.0,26.75,-60.25,10
medium,0.0,1.0,1.5,-61.25,20.0,81.25,19.5,-61.75,10
medium,0.0,1.0,2.5,-34.25,20.0,54.25,18.75,-36.0,10
medium,0.05,0.4,1.0,-65.75,7.0,72.75,15.5,-57.25,10
medium,0.05,0.4,1.5,-42.75,7.0,49.75,18.0,-31.75,10
medium,0.05,0.4,2.5,-22.0,7.0,29.0,20.5,-8.75,10
medium,0.05,0.6,1.0,-74.25,7.75,82.0,18.25,-63.75,10
medium,0.05,0.6,1.5,-59.75,7.75,67.5,18.75,-48.75,10
medium,0.05,0.6,2.5,-35.25,7.75,43.0,20.75,-24.0,10
medium,0.05,0.8,1.0,-67.25,14.25,81.5,19.25,-62.25,10
medium,0.05,0.8,1.5,-54.75,14.25,69.0,19.75,-49.25,10
medium,0.05,0.8,2.5,-27.25,14.25,41.5,23.0,-19.75,10
medium,0.05,1.0,1.0,-72.0,15.0,87.0,32.25,-54.75,10
medium,0.05,1.0,1.5,-66.25,15.0,81.25,21.0,-60.25,10
medium,0.05,1.0,2.5,-39.25,15.0,54.25,22.0,-32.25,10
medium,0.15,0.4,1.0,-69.25,3.5,72.75,14.5,-58.25,10
medium,0.15,0.4,1.5,-46.25,3.5,49.75,17.25,-32.5,10
medium,0.15,0.4,2.5,-25.5,3.5,29.0,16.0,-13.25,10
medium,0.15,0.6,1.0,-76.25,5.75,82.0,16.5,-65.5,10
medium,0.15,0.6,1.5,-61.75,5.75,67.5,16.0,-51.5,10
medium,0.15,0.6,2.5,-37.25,5.75,43.0,26.0,-17.5,10
medium,0.15,0.8,1.0,-66.75,14.75,81.5,24.5,-57.0,10
medium,0.15,0.8,1.5,-54.25,14.75,69.0,20.0,-49.5,10
medium,0.15,0.8,2.5,-26.75,14.75,41.5,17.25,-24.75,10
medium,0.15,1.0,1.0,-71.0,16.0,87.0,44.75,-42.25,10
medium,0.15,1.0,1.5,-65.25,16.0,81.25,20.25,-61.0,10
medium,0.15,1.0,2.5,-38.25,16.0,54.25,26.25,-28.75,10
medium,0.3,0.4,1.0,-70.0,2.75,72.75,17.0,-55.75,10
medium,0.3,0.4,1.5,-47.0,2.75,49.75,22.0,-27.75,10
medium,0.3,0.4,2.5,-26.25,2.75,29.0,22.5,-7.5,10
medium,0.3,0.6,1.0,-79.25,2.75,82.0,18.0,-64.0,10
medium,0.3,0.6,1.5,-64.75,2.75,67.5,19.5,-48.0,10
medium,0.3,0.6,2.5,-40.25,2.75,43.0,25.75,-17.25,10
medium,0.3,0.8,1.0,-72.0,9.5,81.5,31.5,-50.0,10
medium,0.3,0.8,1.5,-59.5,9.5,69.0,19.75,-49.25,10
medium,0.3,0.8,2.5,-32.0,9.5,41.5,21.5,-20.0,10
medium,0.3,1.0,1.0,-73.5,13.5,87.0,52.0,-35.0,10
medium,0.3,1.0,1.5,-67.75,13.5,81.25,18.5,-62.75,10
medium,0.3,1.0,2.5,-40.75,13.5,54.25,23.25,-32.0,10
medium,0.5,0.4,1.0,-72.0,0.75,72.75,20.0,-52.75,10
medium,0.5,0.4,1.5,-49.0,0.75,49.75,21.5,-28.25,10
medium,0.5,0.4,2.5,-28.25,0.75,29.0,21.25,-7.75,10
medium,0.5,0.6,1.0,-81.75,0.25,82.0,23.0,-59.0,10
medium,0.5,0.6,1.5,-67.25,0.25,67.5,20.75,-46.75,10
medium,0.5,0.6,2.5,-42.75,0.25,43.0,24.0,-19.0,10
medium,0.5,0.8,1.0,-77.5,4.0,81.5,36.75,-44.75,10
medium,0.5,0.8,1.5,-65.0,4.0,69.0,20.5,-48.5,10
medium,0.5,0.8,2.5,-37.5,4.0,41.5,19.75,-21.75,10
medium,0.5,1.0,1.0,-78.5,8.5,87.0,48.0,-39.0,10
medium,0.5,1.0,1.5,-72.75,8.5,81.25,19.5,-61.75,10
medium,0.5,1.0,2.5,-45.75,8.5,54.25,21.5,-32.75,10
medium,0.75,0.4,1.0,-72.5,0.25,72.75,34.5,-38.25,10
medium,0.75,0.4,1.5,-49.5,0.25,49.75,26.0,-23.75,10
medium,0.75,0.4,2.5,-28.75,0.25,29.0,28.25,-0.75,10
medium,0.75,0.6,1.0,-80.5,1.5,82.0,34.5,-47.5,10
medium,0.75,0.6,1.5,-66.0,1.5,67.5,24.0,-43.5,10
medium,0.75,0.6,2.5,-41.5,1.5,43.0,27.25,-15.75,10
medium,0.75,0.8,1.0,-78.75,2.75,81.5,62.5,-19.0,10
medium,0.75,0.8,1.5,-66.25,2.75,69.0,25.25,-43.75,10
medium,0.75,0.8,2.5,-38.75,2.75,41.5,28.0,-14.0,10
medium,0.75,1.0,1.0,-84.0,3.0,87.0,82.75,-4.25,10
medium,0.75,1.0,1.5,-78.25,3.0,81.25,27.0,-54.25,10
medium,0.75,1.0,2.5,-51.25,3.0,54.25,24.0,-30.25,10
high,0.0,0.4,1.0,-46.25,39.25,85.5,30.5,-55.0,10
high,0.0,0.4,1.5,-25.25,39.25,64.5,29.75,-36.0,10
high,0.0,0.4,2.5,-7.25,39.25,46.5,29.25,-22.75,10
high,0.0,0.6,1.0,-40.5,48.25,88.75,29.5,-59.25,10
high,0.0,0.6,1.5,-33.25,48.25,81.5,27.75,-53.75,10
high,0.0,0.6,2.5,-3.75,48.25,52.0,35.0,-27.5,10
high,0.0,0.8,1.0,-37.75,56.75,94.5,28.5,-66.0,10
high,0.0,0.8,1.5,-30.25,56.75,87.0,28.0,-59.0,10
high,0.0,0.8,2.5,-5.5,56.75,62.25,33.5,-33.0,10
high,0.0,1.0,1.0,-26.75,71.25,98.0,96.25,-1.75,10
high,0.0,1.0,1.5,-24.0,71.25,95.25,28.25,-67.0,10
high,0.0,1.0,2.5,-6.75,71.25,78.0,31.25,-51.25,10
high,0.05,0.4,1.0,-54.0,31.5,85.5,30.5,-55.0,10
high,0.05,0.4,1.5,-33.0,31.5,64.5,29.75,-35.0,10
high,0.05,0.4,2.5,-15.0,31.5,46.5,29.25,-18.5,10
high,0.05,0.6,1.0,-46.5,42.25,88.75,29.5,-59.25,10
high,0.05,0.6,1.5,-39.25,42.25,81.5,27.75,-53.75,10
high,0.05,0.6,2.5,-9.75,42.25,52.0,35.0,-25.0,10
high,0.05,0.8,1.0,-38.25,56.25,94.5,28.5,-66.0,10
high,0.05,0.8,1.5,-30.75,56.25,87.0,28.0,-59.0,10
high,0.05,0.8,2.5,-6.0,56.25,62.25,33.5,-32.5,10
high,0.05,1.0,1.0,-28.25,69.75,98.0,96.25,-1.75,10
high,0.05,1.0,1.5,-25.5,69.75,95.25,28.25,-67.0,10
high,0.05,1.0,2.5,-8.25,69.75,78.0,31.25,-52.5,10
high,0.15,0.4,1.0,-61.5,24.0,85.5,30.75,-54.75,10
high,0.15,0.4,1.5,-40.5,24.0,64.5,21.25,-43.25,10
high,0.15,0.4,2.5,-22.5,24.0,46.5,31.75,-16.75,10
high,0.15,0.6,1.0,-53.5,35.25,88.75,25.25,-63.5,10
high,0.15,0.6,1.5,-46.25,35.25,81.5,26.25,-55.25,10
high,0.15,0.6,2.5,-16.75,35.25,52.0,31.5,-25.75,10
high,0.15,0.8,1.0,-45.75,48.75,94.5,24.5,-70.0,10
high,0.15,0.8,1.5,-38.25,48.75,87.0,28.25,-58.75,10
high,0.15,0.8,2.5,-13.5,48.75,62.25,28.25,-34.75,10
high,0.15,1.0,1.0,-32.5,65.5,98.0,96.5,-1.5,10
high,0.15,1.0,1.5,-29.75,65.5,95.25,39.5,-55.75,10
high,0.15,1.0,2.5,-12.5,65.5,78.0,27.25,-55.25,10
high,0.3,0.4,1.0,-74.25,11.25,85.5,23.5,-62.0,10
high,0.3,0.4,1.5,-53.25,11.25,64.5,23.25,-41.25,10
high,0.3,0.4,2.5,-35.25,11.25,46.5,25.75,-21.0,10
high,0.3,0.6,1.0,-63.25,25.5,88.75,26.5,-62.25,10
high,0.3,0.6,1.5,-56.0,25.5,81.5,22.75,-58.75,10
high,0.3,0.6,2.5,-26.5,25.5,52.0,27.0,-28.75,10
high,0.3,0.8,1.0,-54.0,40.5,94.5,77.0,-17.5,10
high,0.3,0.8,1.5,-46.5,40.5,87.0,21.5,-65.5,10
high,0.3,0.8,2.5,-21.75,40.5,62.25,25.5,-38.75,10
high,0.3,1.0,1.0,-44.0,54.0,98.0,97.0,-1.0,10
high,0.3,1.0,1.5,-41.25,54.0,95.25,80.25,-15.0,10
high,0.3,1.0,2.5,-24.0,54.0,78.0,27.0,-53.0,10
high,0.5,0.4,1.0,-77.5,8.0,85.5,23.25,-62.25,10
high,0.5,0.4,1.5,-56.5,8.0,64.5,24.25,-40.25,10
high,0.5,0.4,2.5,-38.5,8.0,46.5,24.5,-22.0,10
high,0.5,0.6,1.0,-75.75,13.0,88.75,51.5,-37.25,10
high,0.5,0.6,1.5,-68.5,13.0,81.5,23.0,-58.5,10
high,0.5,0.6,2.5,-39.0,13.0,52.0,22.5,-30.25,10
high,0.5,0.8,1.0,-71.5,23.0,94.5,90.25,-4.25,10
high,0.5,0.8,1.5,-64.0,23.0,87.0,29.0,-58.0,10
high,0.5,0.8,2.5,-39.25,23.0,62.25,19.25,-43.0,10
high,0.5,1.0,1.0,-50.5,47.5,98.0,97.5,-0.5,10
high,0.5,1.0,1.5,-47.75,47.5,95.25,94.25,-1.0,10
high,0.5,1.0,2.5,-30.5,47.5,78.0,22.5,-57.5,10
high,0.75,0.4,1.0,-84.25,1.25,85.5,61.0,-24.5,10
high,0.75,0.4,1.5,-63.25,1.25,64.5,26.0,-38.5,10
high,0.75,0.4,2.5,-45.25,1.25,46.5,31.75,-14.75,10
high,0.75,0.6,1.0,-82.5,6.25,88.75,80.25,-8.5,10
high,0.75,0.6,1.5,-75.25,6.25,81.5,23.5,-58.0,10
high,0.75,0.6,2.5,-45.75,6.25,52.0,31.25,-20.75,10
high,0.75,0.8,1.0,-77.5,17.0,94.5,91.25,-3.25,10
high,0.75,0.8,1.5,-70.0,17.0,87.0,74.75,-12.25,10
high,0.75,0.8,2.5,-45.25,17.0,62.25,26.0,-36.25,10
high,0.75,1.0,1.0,-62.25,35.75,98.0,98.0,0.0,10
high,0.75,1.0,1.5,-59.5,35.75,95.25,94.5,-0.75,10
high,0.75,1.0,2.5,-42.25,35.75,78.0,71.0,-7.25,10
